{
    "dataset": {
        "train_size": 1323,
        "valid_size": 330,
        "test_size": 413,
        "train_benign": 650,
        "train_malignant": 673,
        "test_benign": 203,
        "test_malignant": 210
    },
    "features": {
        "total": 99
    },
    "train_metrics": {
        "accuracy": 0.9622071050642479,
        "sensitivity": 0.9643387815750372,
        "specificity": 0.96,
        "precision": 0.9614814814814815,
        "f1_score": 0.9629080118694362,
        "auc": 0.9968887872899759
    },
    "cross_validation": {
        "mean_accuracy": 0.931212121212121,
        "std_accuracy": 0.007363137109651391,
        "mean_auc": 0.981033677765021,
        "std_auc": 0.002366865165872799,
        "mean_precision": 0.9429597700878866,
        "std_precision": 0.018170848285762663,
        "mean_recall": 0.9212824765063573,
        "std_recall": 0.025831685781149624,
        "mean_f1": 0.9315173195858432,
        "std_f1": 0.008248405780753058,
        "fold_accuracies": [
            0.9207547169811321,
            0.939622641509434,
            0.939622641509434,
            0.928030303030303,
            0.928030303030303
        ],
        "fold_precisions": [
            0.9672131147540983,
            0.9612403100775194,
            0.9343065693430657,
            0.9197080291970803,
            0.9323308270676691
        ],
        "fold_recalls": [
            0.8740740740740741,
            0.9185185185185185,
            0.9481481481481482,
            0.9402985074626866,
            0.9253731343283582
        ],
        "fold_f1_scores": [
            0.9182879377431906,
            0.9393939393939394,
            0.9411764705882353,
            0.9298892988929889,
            0.9288389513108615
        ],
        "fold_aucs": [
            0.976980056980057,
            0.9827350427350428,
            0.9823361823361823,
            0.9797646383467279,
            0.9833524684270953
        ]
    },
    "test_metrics": {
        "accuracy": 0.9491525423728814,
        "sensitivity": 0.9380952380952381,
        "specificity": 0.9605911330049262,
        "precision": 0.9609756097560975,
        "f1_score": 0.9493975903614458,
        "auc": 0.9882477128782547
    }
}