{
    "dataset": {
        "train_size": 1323,
        "valid_size": 330,
        "test_size": 413,
        "train_benign": 650,
        "train_malignant": 673,
        "test_benign": 203,
        "test_malignant": 210
    },
    "features": {
        "total": 99
    },
    "train_metrics": {
        "accuracy": 0.9455782312925171,
        "sensitivity": 0.9212481426448736,
        "specificity": 0.9707692307692307,
        "precision": 0.9702660406885759,
        "f1_score": 0.9451219512195121,
        "auc": 0.9887941479026173
    },
    "cross_validation": {
        "mean_accuracy": 0.6639994282447113,
        "std_accuracy": 0.24103706944451075,
        "mean_auc": 0.6892307692307691,
        "std_auc": 0.30270649262189686
    },
    "test_metrics": {
        "accuracy": 0.9515738498789347,
        "sensitivity": 0.9238095238095239,
        "specificity": 0.9802955665024631,
        "precision": 0.9797979797979798,
        "f1_score": 0.9509803921568627,
        "auc": 0.9836734693877551
    }
}